split,metric,synthetic_share_pct,value,ci_lo,ci_hi,seeds
test,acc,0.0,86.556,85.43,87.62,8
test,acc,10.0,86.112,84.924,87.224,3
test,acc,25.0,85.614,84.438,86.739,3
test,acc,50.0,84.822,83.569,85.984,3
test,acc,75.0,82.535,81.27,83.761,3
test,acc,90.0,79.2,77.782,80.491,3
test,acc,100.0,66.948,65.338,68.507,3
val,acc,0.0,86.239,85.04,87.375,8
val,acc,10.0,85.769,84.554,86.907,3
val,acc,25.0,85.296,84.043,86.473,3
val,acc,50.0,84.043,82.841,85.219,3
val,acc,75.0,81.895,80.616,83.148,3
val,acc,90.0,78.532,77.19,79.901,3
val,acc,100.0,66.373,64.825,68.048,3
test,macro_f1,0.0,0.842,0.827,0.855,8
test,macro_f1,10.0,0.84,0.825,0.853,3
test,macro_f1,25.0,0.832,0.817,0.846,3
test,macro_f1,50.0,0.824,0.808,0.838,3
test,macro_f1,75.0,0.796,0.78,0.811,3
test,macro_f1,90.0,0.762,0.745,0.777,3
test,macro_f1,100.0,0.621,0.603,0.638,3
val,macro_f1,0.0,0.85,0.837,0.863,8
val,macro_f1,10.0,0.841,0.827,0.855,3
val,macro_f1,25.0,0.836,0.821,0.851,3
val,macro_f1,50.0,0.823,0.808,0.836,3
val,macro_f1,75.0,0.798,0.783,0.812,3
val,macro_f1,90.0,0.761,0.744,0.775,3
val,macro_f1,100.0,0.618,0.599,0.636,3
