condition,epoch,val_acc_mean
A_replace0,1,56.866
A_replace0,2,66.369
A_replace0,3,75.844
A_replace0,4,75.705
A_replace0,5,77.661
A_replace0,6,77.484
A_replace0,7,78.011
A_replace0,8,79.613
A_replace0,9,80.653
A_replace0,10,80.61
A_replace0,11,81.08
A_replace0,12,81.833
A_replace0,13,82.691
A_replace0,14,82.672
A_replace0,15,83.237
A_replace0,16,83.933
A_replace0,17,84.0
A_replace0,18,84.393
A_replace0,19,84.412
A_replace0,20,84.767
A_replace0,21,85.28
A_replace0,22,85.338
A_replace0,23,85.347
A_replace0,24,85.702
A_replace0,25,85.664
A_replace0,26,85.846
A_replace0,27,85.913
A_replace0,28,85.903
A_replace0,29,86.018
A_replace0,30,85.889
A_replace0.5,1,52.487
A_replace0.5,2,67.856
A_replace0.5,3,69.198
A_replace0.5,4,72.139
A_replace0.5,5,75.105
A_replace0.5,6,74.594
A_replace0.5,7,77.445
A_replace0.5,8,76.717
A_replace0.5,9,76.397
A_replace0.5,10,78.059
A_replace0.5,11,77.228
A_replace0.5,12,77.701
A_replace0.5,13,79.044
A_replace0.5,14,78.826
A_replace0.5,15,80.309
A_replace0.5,16,81.32
A_replace0.5,17,81.499
A_replace0.5,18,81.729
A_replace0.5,19,81.716
A_replace0.5,20,81.972
A_replace0.5,21,82.713
A_replace0.5,22,83.365
A_replace0.5,23,83.493
A_replace0.5,24,83.557
A_replace0.5,25,83.774
A_replace0.5,26,83.595
A_replace0.5,27,83.915
A_replace0.5,28,84.043
A_replace0.5,29,83.953
A_replace0.5,30,83.813
A_replace1,1,34.932
A_replace1,2,55.479
A_replace1,3,55.517
A_replace1,4,55.21
A_replace1,5,59.315
A_replace1,6,57.09
A_replace1,7,57.704
A_replace1,8,62.115
A_replace1,9,60.286
A_replace1,10,60.555
A_replace1,11,58.394
A_replace1,12,60.491
A_replace1,13,60.798
A_replace1,14,56.463
A_replace1,15,62.946
A_replace1,16,61.974
A_replace1,17,63.547
A_replace1,18,61.488
A_replace1,19,65.797
A_replace1,20,63.278
A_replace1,21,64.058
A_replace1,22,63.956
A_replace1,23,63.828
A_replace1,24,64.595
A_replace1,25,64.455
A_replace1,26,64.736
A_replace1,27,64.237
A_replace1,28,64.455
A_replace1,29,64.25
A_replace1,30,64.25
