class,synthetic_0,synthetic_0.1,synthetic_0.25,synthetic_0.5,synthetic_0.75,synthetic_0.9,synthetic_1
Disturbed,0.5565,0.5458,0.5541,0.5238,0.488,0.4388,0.2866
Merging,0.8875,0.8802,0.8816,0.8652,0.834,0.8103,0.6596
Round Smooth,0.9265,0.9237,0.9228,0.9292,0.9159,0.9016,0.8516
In-between Round,0.9297,0.9315,0.9197,0.9197,0.9081,0.8829,0.7858
Cigar-Shaped Smooth,0.7695,0.7848,0.7395,0.7579,0.6883,0.6476,0.3748
Barred Spiral,0.8999,0.8918,0.8852,0.884,0.856,0.8102,0.6917
Unbarred Tight Spiral,0.8041,0.7992,0.7894,0.7836,0.7529,0.7189,0.5727
Unbarred Loose Spiral,0.7917,0.7798,0.7734,0.7572,0.7347,0.6724,0.5961
Edge-on w/o Bulge,0.9062,0.9089,0.9128,0.8921,0.8705,0.8499,0.6254
Edge-on w/ Bulge,0.9512,0.9512,0.9444,0.9278,0.9119,0.8884,0.7667
