panel,k,f1,ci_lo,ci_hi,seeds,diff_vs_base,diff_lo,diff_hi
"Round Smooth (1,844 real)",0,0.9265,0.9096,0.9422,8,0,0,0
"Round Smooth (1,844 real)",0.5,0.9292,0.9116,0.9451,3,0.0027,-0.0031,0.0087
"Round Smooth (1,844 real)",1,0.9329,0.9162,0.9477,3,0.0064,0.0005,0.0129
"Round Smooth (1,844 real)",2,0.931,0.9141,0.9463,3,0.0045,-0.0017,0.0108
"Round Smooth (1,844 real)",4,0.9276,0.91,0.9429,3,0.0011,-0.0048,0.0069
Cigar-Shaped Smooth (233 real),0,0.7695,0.6767,0.8421,8,0,0,0
Cigar-Shaped Smooth (233 real),0.5,0.7702,0.6838,0.8429,8,0.0007,-0.0265,0.0281
Cigar-Shaped Smooth (233 real),1,0.7909,0.7071,0.8588,8,0.0214,-0.0064,0.0504
Cigar-Shaped Smooth (233 real),2,0.7794,0.6946,0.8517,8,0.0099,-0.0239,0.0442
Cigar-Shaped Smooth (233 real),4,0.789,0.7054,0.8575,8,0.0196,-0.0085,0.0478
Round Smooth cut to 233 real (control),0,0.8823,0.8624,0.9003,8,0,0,0
Round Smooth cut to 233 real (control),0.5,0.8739,0.8525,0.8932,8,-0.0084,-0.0165,-0.0007
Round Smooth cut to 233 real (control),1,0.8816,0.8607,0.9003,8,-0.0007,-0.0082,0.0063
Round Smooth cut to 233 real (control),2,0.8764,0.8558,0.8954,8,-0.0059,-0.0135,0.0014
Round Smooth cut to 233 real (control),4,0.8945,0.8749,0.9121,8,0.0123,0.0049,0.0194
